,ERed
0,1.56
1,1.68
2,1.59
3,1.08
4,1.19
5,1.43
6,1.4
7,1.42
8,1.47
9,1.1
10,1.52
11,1.18
12,1.36
13,1.18
14,1.04
15,1.04
16,1.18
17,1.42
18,1.53
19,1.25
20,1.39
21,1.48
22,1.25
23,1.49
24,1.22
25,1.37
26,1.27
27,1.25
28,1.36
29,1.11
30,1.51
31,1.48
32,1.08
33,1.53
34,1.17
35,1.37
36,1.39
37,1.6
38,1.22
39,1.13
40,1.61
41,0.86
42,1.65
43,1.36
44,1.48
45,1.5
46,1.53
47,1.38
48,1.42
49,1.32
50,1.18
51,1.51
52,1.5
53,1.36
54,1.57
55,1.51
56,1.23
57,1.4
58,1.36
59,1.39
60,1.87
61,1.57
62,1.26
63,1.04
64,1.65
65,1.54
66,1.43
67,1.35
68,1.63
69,1.21
70,1.08
71,1.1
72,1.34
73,1.04
74,1.65
75,1.15
76,1.19
77,1.55
78,1.26
79,1.16
80,1.42
81,1.1
82,1.17
83,1.15
84,1.33
85,1.66
86,1.29
87,1.17
88,1.25
89,1.7
90,1.4
91,1.31
92,1.53
93,1.63
94,1.27
95,1.3
96,1.62
97,1.09
98,1.55
99,1.1
100,1.58
101,1.1
102,1.35
103,1.1
104,1.42
105,1.48
106,1.54
107,1.1
108,1.16
109,1.15
110,1.56
111,0.99
112,1.24
113,1.23
114,1.63
115,1.51
116,1.57
117,1.21
118,1.3
119,1.39
120,1.63
121,1.48
122,1.29
123,1.42
124,1.42
125,1.25
126,1.27
127,1.23
128,1.25
129,0.98
130,1.34
131,1.04
132,1.48
133,1.56
134,1.34
135,1.36
136,1.49
137,1.11
138,1.51
139,1.33
140,1.66
141,1.22
142,1.32
143,1.68
144,1.2
145,1.42
146,1.49
147,1.24
148,1.59
149,1.26
150,1.36
151,1.29
152,1.44
153,1.59
154,1.42
155,1.41
156,1.07
157,1.38
158,1.19
159,1.36
160,1.14
161,1.61
162,1.5
163,1.36
164,1.15
165,1.65
166,1.43
167,1.13
168,1.11
169,1.16
170,1.28
171,1.44
172,1.26
173,1.32
174,1.47
175,1.66
176,1.59
177,1.22
178,1.5
179,1.32
180,1.4
181,1.22
182,1.32
183,1.51
184,1.29
185,1.37
186,1.55
187,1.24
188,1.32
189,1.65
190,1.66
191,1.28
192,1.11
193,1.14
194,1.5
195,1.22
196,1.63
197,1.58
198,1.46
199,1.67
200,1.1
201,1.15
202,1.49
203,1.13
204,1.52
205,1.42
206,1.45
207,1.46
208,1.11
209,1.46
210,1.28
211,1.05
212,1.39
213,1.43
214,1.57
215,1.37
216,1.13
217,1.05
218,1.04
219,1.41
220,1.42
221,1.22
222,1.21
223,1.75
224,1.12
225,1.26
226,1.23
227,1.59
228,1.18
229,1.36
230,1.25
231,1.07
232,1.14
233,1.38
234,1.33
235,1.42
236,1.39
237,1.16
238,1.52
239,1.14
240,1.11
241,1.46
242,1.65
243,1.29
244,1.14
245,1.15
246,1.47
247,1.47
248,1.29
249,1.55
250,1.16
251,1.4
252,1.22
253,1.23
254,1.16
255,1.12
256,1.48
257,1.45
258,1.52
259,1.32
260,1.26
261,1.31
262,1.52
263,1.5
264,1.6
265,1.41
266,1.26
267,1.39
268,1.15
269,1.06
270,1.48
271,1.3
272,1.12
273,1.57
274,1.09
275,1.41
276,1.25
277,1.3
278,1.48
279,1.12
280,1.19
281,1.32
282,1.57
283,1.49
284,1.37
285,1.22
286,1.12
287,1.28
288,1.58
289,1.08
290,1.37
291,1.24
292,1.42
293,1.14
294,1.35
295,1.2
296,1.18
297,1.49
298,1.2
299,1.37
300,1.27
301,1.4
302,1.33
303,1.37
304,1.51
305,1.25
306,1.36
307,1.14
308,1.69
309,1.05
310,1.23
311,1.29
312,1.53
313,1.21
314,1.33
315,1.41
316,1.44
317,1.42
318,1.14
319,1.34
320,1.22
321,1.64
322,1.3
323,1.5
324,1.23
325,1.22
326,1.55
327,1.76
328,1.14
329,1.42
330,1.6
331,1.29
332,1.69
333,1.54
334,1.17
335,1.22
336,1.5
337,1.27
338,1.32
339,1.22
340,1.45
341,1.27
342,1.08
343,1.3
344,1.29
345,1.18
346,1.36
347,1.37
348,1.5
349,1.19
350,1.28
351,1.44
352,1.2
353,1.63
354,1.29
355,1.13
356,1.49
357,1.21
358,1.26
359,1.07
360,1.36
361,1.24
362,1.16
363,1.43
364,1.55
365,1.6
366,1.49
367,1.22
368,1.41
369,1.12
370,1.19
371,1.5
372,1.33
373,1.31
374,1.27
375,1.23
376,1.2
377,1.24
378,1.48
379,1.51
380,1.16
381,1.32
382,1.37
383,1.47
384,1.46
385,1.1
386,1.22
387,1.39
388,1.23
389,1.38
390,1.73
391,1.54
392,1.51
393,1.69
394,1.46
395,1.23
396,1.47
397,1.53
398,1.27
399,1.11
400,0.89
401,1.45
402,1.44
403,1.6
404,1.53
405,1.41
406,1.47
407,1.57
408,1.47
409,1.31
410,1.37
411,1.33
412,1.79
413,1.52
414,1.49
415,1.57
416,1.22
417,1.69
418,1.42
419,1.46
420,1.44
421,1.35
422,1.08
423,1.81
424,1.66
425,1.08
426,1.36
427,1.48
428,1.46
429,1.68
430,1.18
431,1.08
432,1.18
433,1.13
434,1.62
435,1.42
436,1.02
437,1.39
438,1.2
439,1.12
440,1.14
441,1.36
442,1.32
443,1.52
444,1.16
445,1.43
446,1.26
447,1.1
448,1.54
449,1.39
450,1.45
451,1.56
452,1.38
453,1.38
454,1.15
455,1.45
456,1.39
457,1.46
458,1.25
459,1.53
460,1.2
461,1.25
462,1.39
463,1.26
464,1.6
465,1.46
466,1.12
467,1.35
468,1.35
469,1.24
470,1.39
471,1.46
472,1.06
473,1.33
474,1.15
475,1.58
476,1.46
477,1.52
478,1.62
479,1.04
480,1.11
481,1.57
482,1.06
483,1.2
484,1.14
485,1.38
486,1.44
487,1.5
488,1.13
489,1.07
490,1.2
491,1.42
492,1.1
493,1.19
494,1.15
495,1.38
496,1.09
497,1.4
498,1.15
499,1.15
500,1.44
501,1.51
502,1.15
503,1.61
504,1.44
505,1.49
506,1.12
507,1.54
508,1.16
509,1.49
510,1.3
511,1.55
512,1.4
513,1.21
514,1.02
515,1.22
516,1.45
517,1.59
518,1.46
519,1.38
520,1.16
521,1.02
522,1.42
523,1.2
524,1.48
525,1.42
526,1.1
527,1.4
528,1.56
529,1.59
530,1.3
531,1.22
532,1.57
533,1.16
534,1.39
535,1.46
536,1.74
537,1.72
538,1.43
539,1.05
540,1.5
541,1.49
542,1.17
543,0.97
544,1.49
545,1.43
546,1.15
547,1.27
548,1.58
549,1.52
550,1.54
551,1.5
552,1.47
553,1.56
554,1.45
555,1.48
556,1.08
557,1.62
558,1.4
559,1.49
560,1.19
561,1.58
562,1.37
563,1.33
564,1.21
565,1.09
566,1.11
567,1.7
568,1.63
569,1.43
570,1.46
571,1.42
572,1.31
573,1.09
574,1.54
575,1.11
576,1.51
577,1.36
578,1.39
579,1.27
580,1.35
581,1.12
582,1.33
583,1.6
584,1.82
585,1.1
586,1.26
587,1.53
588,1.42
589,1.51
590,1.26
591,1.48
592,1.49
593,1.09
594,1.24
595,1.2
596,1.41
597,1.48
598,1.24
599,1.24
600,1.48
601,1.74
602,1.44
603,1.34
604,1.44
605,1.23
606,1.05
607,1.44
608,1.32
609,1.28
610,1.46
611,1.45
612,1.37
613,1.4
614,1.41
615,1.3
616,1.16
617,1.44
618,1.37
619,1.33
620,1.15
621,1.51
622,1.16
623,1.51
624,1.15
625,1.55
626,1.39
627,1.4
628,1.16
629,1.43
630,1.52
631,1.11
632,1.26
633,1.54
634,1.35
635,1.38
636,1.58
637,1.38
638,1.51
639,1.1
640,1.36
641,1.24
642,1.46
643,1.44
644,1.44
645,1.22
646,1.33
647,1.5
648,1.43
649,1.37
650,1.57
651,1.47
652,1.48
653,1.42
654,1.49
655,1.58
656,1.49
657,1.11
658,1.12
659,1.17
660,1.61
661,1.45
662,1.45
663,1.09
664,1.45
665,1.61
666,1.47
667,1.06
668,1.48
669,1.42
670,1.23
671,1.29
672,1.44
673,1.56
674,1.43
675,1.32
676,1.29
677,1.39
678,1.37
679,1.35
680,1.23
681,1.2
682,1.17
683,1.14
684,1.04
685,1.19
686,1.45
687,1.09
688,1.11
689,1.64
690,1.47
691,1.27
692,1.46
693,1.22
694,1.25
695,1.02
696,1.36
697,1.72
698,1.02
699,1.48
700,1.15
701,1.51
702,1.18
703,1.4
704,1.63
705,1.24
706,1.23
707,1.53
708,1.54
709,1.04
710,1.16
711,1.31
712,1.35
713,1.51
714,1.52
715,1.37
716,1.33
717,1.49
718,1.53
719,1.47
720,1.33
721,1.36
722,1.53
723,1.45
724,1.5
725,1.38
726,1.14
727,1.42
728,1.27
729,1.52
730,1.27
731,1.38
732,1.57
733,1.45
734,1.42
735,1.24
736,1.62
737,1.14
738,1.34
739,1.41
740,1.54
741,1.15
742,1.47
743,1.15
744,1.3
745,1.6
746,1.23
747,1.55
748,1.09
749,1.28
750,1.23
751,1.19
752,1.52
753,1.1
754,1.53
755,1.57
756,1.07
757,1.05
758,1.57
759,1.31
760,1.45
761,1.11
762,1.46
763,1.09
764,0.96
765,1.25
766,1.22
767,1.29
768,1.19
769,1.18
770,1.64
771,1.18
772,1.25
773,1.34
774,1.35
775,1.26
776,1.41
777,1.41
778,1.06
779,1.3
780,1.32
781,1.47
782,1.46
783,1.66
784,1.19
785,1.34
786,1.18
787,1.0
788,1.17
789,1.27
790,1.19
791,1.4
792,1.7
793,1.28
794,1.31
795,1.45
796,1.33
797,1.29
798,1.49
799,1.2
800,1.12
801,1.23
802,1.44
803,1.39
804,1.45
805,1.36
806,1.06
807,1.08
808,1.25
809,1.53
810,1.01
811,1.66
812,1.35
813,1.25
814,1.78
815,1.22
816,1.48
817,1.19
818,1.38
819,1.4
820,1.19
821,1.16
822,1.29
823,1.19
824,1.24
825,1.11
826,1.41
827,1.55
828,1.41
829,1.18
830,1.09
831,1.55
832,1.39
833,0.97
834,1.29
835,1.48
836,1.22
837,1.67
838,1.07
839,1.47
840,1.59
841,1.37
842,1.25
843,1.39
844,1.59
845,1.24
846,1.5
847,1.62
848,1.09
849,1.35
850,1.42
851,1.29
852,1.36
853,1.45
854,1.5
855,1.47
856,1.34
857,1.44
858,1.47
859,1.14
860,1.33
861,1.48
862,1.48
863,1.11
864,1.58
865,1.37
866,1.41
867,1.48
868,1.44
869,1.18
870,1.29
871,1.61
872,1.33
873,1.53
874,1.35
875,1.35
876,1.26
877,1.63
878,1.19
879,1.41
880,1.48
881,1.07
882,1.39
883,1.38
884,1.26
885,1.64
886,1.16
887,1.32
888,1.52
889,1.11
890,1.45
891,1.44
892,1.46
893,1.09
894,1.07
895,1.14
896,1.23
897,1.16
898,1.53
899,1.37
900,1.39
901,1.42
902,1.41
903,1.35
904,1.24
905,1.49
906,1.41
907,1.22
908,1.18
909,1.43
910,1.26
911,1.56
912,1.24
913,1.1
914,1.5
915,1.17
916,1.17
917,1.58
918,1.06
919,1.14
920,1.64
921,1.18
922,1.59
923,1.28
924,1.3
925,1.48
926,1.15
927,1.47
928,1.45
929,1.21
930,1.45
931,1.62
932,1.17
933,1.14
934,1.24
935,1.02
936,1.61
937,1.4
938,1.48
939,1.42
940,1.32
941,1.55
942,1.34
943,1.33
944,1.52
945,1.19
946,1.36
947,1.02
948,1.62
949,1.16
950,1.6
951,1.1
952,1.46
953,1.74
954,1.2
955,1.23
956,1.38
957,1.2
958,1.29
959,1.4
960,1.25
961,1.28
962,1.43
963,1.31
964,1.22
965,1.2
966,1.43
967,1.5
968,1.57
969,1.24
970,1.08
971,1.42
972,1.6
973,1.68
974,1.33
975,1.7
976,1.46
977,1.39
978,1.64
979,1.1
980,1.2
981,1.05
982,1.45
983,1.62
984,1.06
985,1.41
986,1.37
987,1.14
988,1.55
989,1.15
990,1.4
991,1.43
992,1.39
993,1.33
994,1.21
995,1.7
996,1.51
997,1.16
998,1.32
999,1.46
1000,1.43
1001,1.54
1002,1.49
1003,1.14
1004,1.45
1005,1.21
1006,1.42
1007,1.31
1008,1.43
1009,1.6
1010,1.4
1011,1.39
1012,1.14
1013,1.2
1014,1.2
1015,1.37
1016,1.21
1017,1.34
1018,1.48
1019,1.13
1020,1.39
1021,1.12
1022,1.35
1023,1.44
1024,1.23
1025,1.36
1026,1.51
1027,1.23
1028,1.04
1029,1.2
1030,1.31
1031,1.19
1032,1.45
1033,1.34
1034,1.21
1035,1.36
1036,1.57
1037,1.49
1038,1.23
1039,1.03
1040,1.36
1041,1.42
1042,1.11
1043,1.47
1044,1.48
1045,1.05
1046,1.15
1047,1.58
1048,1.63
1049,1.2
1050,1.23
1051,1.49
1052,1.34
1053,1.43
1054,1.39
1055,1.1
1056,1.74
1057,1.53
1058,1.47
1059,1.39
1060,1.41
1061,1.41
1062,1.21
1063,1.33
1064,1.33
1065,1.3
1066,1.18
1067,1.56
1068,1.58
1069,1.07
1070,1.13
1071,1.17
1072,1.49
1073,1.48
1074,1.09
1075,1.46
1076,1.4
1077,1.44
1078,1.5
1079,1.22
1080,1.24
1081,1.44
1082,1.11
1083,1.73
1084,1.67
1085,1.2
1086,1.13
1087,1.45
1088,1.19
1089,1.11
1090,1.35
1091,1.39
1092,1.46
1093,1.57
1094,1.33
1095,1.4
1096,1.2
1097,1.51
1098,1.44
1099,1.52
1100,1.2
1101,1.16
1102,1.56
1103,1.66
1104,1.36
1105,1.27
1106,1.25
1107,1.25
1108,1.22
1109,1.25
1110,1.15
1111,1.2
1112,1.25
1113,1.27
1114,1.57
1115,1.13
1116,1.77
1117,1.39
1118,1.49
1119,1.52
1120,1.13
1121,1.51
1122,1.39
1123,1.15
1124,1.3
1125,1.42
1126,1.6
1127,1.44
1128,1.53
1129,1.14
1130,1.26
1131,1.39
1132,1.48
1133,1.36
1134,1.72
1135,1.28
1136,1.21
1137,1.2
1138,1.42
1139,1.16
1140,1.11
1141,1.61
1142,1.25
1143,1.52
1144,1.29
1145,1.34
1146,1.17
1147,1.09
1148,1.2
1149,1.07
1150,1.32
1151,1.29
1152,1.49
1153,1.12
1154,1.26
1155,1.15
1156,1.45
1157,1.3
1158,1.38
1159,1.39
1160,1.63
1161,1.2
1162,1.3
1163,1.45
1164,1.36
1165,1.61
1166,1.58
1167,1.51
1168,1.12
1169,1.08
1170,1.31
1171,1.24
1172,1.4
1173,1.18
1174,1.45
1175,1.13
1176,1.49
1177,1.13
1178,1.42
1179,1.4
1180,1.47
1181,1.28
1182,1.35
1183,1.14
1184,1.18
1185,1.67
1186,1.39
1187,1.46
1188,1.11
1189,1.66
1190,1.57
1191,1.5
1192,1.37
1193,1.3
1194,1.66
1195,1.09
1196,1.21
1197,1.35
1198,1.51
1199,1.14
1200,1.33
1201,1.44
1202,1.12
1203,1.17
1204,1.46
1205,1.42
1206,1.39
1207,1.21
1208,1.6
1209,1.39
1210,1.3
1211,1.11
1212,1.55
1213,1.17
1214,1.61
1215,1.38
1216,1.56
1217,1.33
1218,1.41
1219,1.47
1220,1.39
1221,1.11
1222,1.19
1223,1.52
1224,1.11
1225,0.9
1226,1.27
1227,1.35
1228,1.45
1229,1.42
1230,1.12
1231,1.18
1232,1.5
1233,1.35
1234,1.38
1235,1.25
1236,1.52
1237,1.13
1238,1.4
1239,1.44
1240,1.37
1241,1.14
1242,1.23
1243,1.63
1244,1.32
1245,1.07
1246,1.58
1247,1.41
1248,1.25
1249,1.61
1250,1.17
1251,1.11
1252,1.22
1253,1.36
1254,1.07
1255,1.11
1256,1.53
1257,1.46
1258,1.17
1259,1.07
1260,1.69
1261,1.48
1262,1.22
1263,1.52
1264,1.55
1265,1.31
1266,1.36
1267,1.36
1268,1.44
1269,1.29
1270,1.16
1271,1.42
1272,0.88
1273,1.17
1274,1.45
1275,1.67
1276,1.28
1277,1.5
1278,1.58
1279,1.19
1280,1.44
1281,1.24
1282,1.37
1283,1.32
1284,1.37
1285,1.48
1286,1.46
1287,1.22
1288,1.54
1289,1.2
1290,1.08
1291,1.5
1292,1.08
1293,1.48
1294,0.99
1295,1.6
1296,1.45
1297,1.02
1298,1.12
1299,1.15
1300,1.51
1301,1.28
1302,1.11
1303,1.37
1304,1.45
1305,1.35
1306,1.66
1307,1.64
1308,1.06
1309,1.21
1310,1.1
1311,1.31
1312,1.12
1313,1.36
1314,1.38
1315,1.11
1316,1.09
1317,1.24
1318,1.56
1319,1.2
1320,1.46
1321,1.32
1322,1.41
1323,1.13
1324,1.21
1325,1.1
1326,1.34
1327,1.51
1328,1.25
1329,1.57
1330,1.41
1331,1.39
1332,1.45
1333,1.49
1334,1.67
1335,1.46
1336,1.05
1337,1.58
1338,1.16
1339,1.44
1340,1.23
1341,1.33
1342,1.48
1343,1.47
1344,1.02
1345,1.22
1346,1.41
1347,1.47
1348,1.57
1349,1.5
1350,1.15
1351,1.49
1352,1.25
1353,1.38
1354,1.12
1355,1.1
1356,1.15
1357,1.16
1358,1.09
1359,1.34
1360,1.04
1361,1.23
1362,1.26
1363,1.18
1364,1.47
1365,1.31
1366,1.71
1367,1.14
1368,1.4
1369,1.13
1370,1.42
1371,1.56
1372,1.48
1373,0.92
1374,1.49
1375,1.72
1376,1.41
1377,1.69
1378,1.69
1379,1.63
1380,1.1
1381,1.49
1382,1.41
1383,1.33
1384,1.48
1385,1.32
1386,1.29
1387,1.43
1388,1.23
1389,1.36
1390,1.44
1391,1.37
1392,1.31
1393,1.15
1394,1.32
1395,1.47
1396,1.22
1397,1.36
1398,1.45
1399,1.42
1400,1.18
1401,1.35
1402,1.08
1403,1.17
1404,1.18
1405,1.36
1406,1.42
1407,1.62
1408,1.14
1409,1.28
1410,1.3
1411,1.46
1412,1.42
1413,1.28
1414,1.12
1415,1.45
1416,1.36
1417,1.44
1418,1.07
1419,1.35
1420,1.35
1421,1.45
1422,1.19
1423,1.04
1424,1.36
1425,1.63
1426,1.15
1427,1.63
1428,1.19
1429,1.54
1430,1.5
1431,1.47
1432,1.28
1433,1.05
1434,1.15
1435,1.24
1436,1.17
1437,1.22
1438,1.31
1439,1.43
1440,1.55
1441,1.17
1442,1.35
1443,1.14
1444,1.04
1445,1.18
1446,1.47
1447,1.43
1448,1.5
1449,1.29
1450,1.3
1451,1.47
1452,1.29
1453,1.28
1454,1.28
1455,1.5
1456,1.57
1457,1.42
1458,1.21
1459,1.38
1460,1.5
1461,1.58
1462,1.14
1463,1.15
1464,1.09
1465,1.22
1466,1.13
1467,1.2
1468,1.07
1469,1.74
1470,1.72
1471,1.22
1472,1.35
1473,1.42
1474,1.61
1475,1.44
1476,1.06
1477,1.46
1478,1.23
1479,1.47
1480,1.35
1481,1.1
1482,1.41
1483,1.21
1484,1.39
1485,1.31
1486,1.17
1487,1.51
1488,1.45
1489,1.21
1490,1.56
1491,1.43
1492,1.46
1493,1.22
1494,1.51
1495,1.33
1496,1.14
1497,1.16
1498,1.39
1499,1.19
1500,1.44
1501,1.21
1502,1.46
1503,1.05
1504,1.57
1505,1.21
1506,1.45
1507,1.55
1508,1.28
1509,1.63
1510,1.16
1511,1.64
1512,1.5
1513,1.35
1514,1.47
1515,1.34
1516,1.52
1517,1.15
1518,1.47
1519,1.48
1520,1.12
1521,1.27
1522,1.11
1523,1.41
1524,1.28
1525,1.57
1526,1.09
1527,1.6
1528,1.46
1529,1.42
1530,1.48
1531,1.21
1532,1.34
1533,1.21
1534,1.47
1535,1.57
1536,1.3
1537,1.37
1538,1.12
1539,1.46
1540,1.22
1541,1.53
1542,1.05
1543,1.55
1544,1.15
1545,1.14
1546,1.56
1547,1.47
1548,1.51
1549,1.44
1550,1.48
1551,1.47
1552,1.17
1553,1.1
1554,1.32
1555,1.68
1556,1.46
1557,1.43
1558,1.06
1559,1.46
1560,1.2
1561,1.03
1562,1.43
1563,1.45
1564,1.44
1565,1.64
1566,1.38
1567,1.5
1568,1.48
1569,1.29
1570,1.5
1571,1.34
1572,1.14
1573,1.44
1574,1.45
1575,1.4
1576,1.65
1577,1.24
1578,1.42
1579,1.61
1580,1.32
1581,1.17
1582,1.48
1583,1.29
1584,1.55
1585,1.16
1586,1.6
1587,1.58
1588,1.52
1589,1.38
1590,1.23
1591,1.47
1592,1.02
1593,1.44
1594,1.43
1595,1.25
1596,1.46
1597,1.25
1598,1.58
1599,1.33
1600,1.06
1601,1.36
1602,1.37
1603,1.47
1604,1.63
1605,1.57
1606,1.5
1607,1.43
1608,1.11
1609,1.5
1610,1.59
1611,1.34
1612,1.05
1613,1.43
1614,1.19
1615,1.58
1616,1.3
1617,1.43
1618,1.15
1619,1.39
1620,1.28
1621,1.5
1622,1.33
1623,1.61
1624,1.24
1625,1.29
1626,1.57
1627,1.23
1628,1.53
1629,1.38
1630,1.49
1631,1.21
1632,1.03
1633,1.65
1634,1.3
1635,1.24
1636,1.46
1637,1.19
1638,1.39
1639,1.23
1640,1.44
1641,1.28
1642,1.47
1643,1.06
1644,1.54
1645,1.41
1646,1.45
1647,1.31
1648,1.44
1649,1.51
1650,1.45
1651,1.19
1652,1.13
1653,1.31
1654,1.09
1655,1.51
1656,1.2
1657,1.67
1658,1.48
1659,1.46
1660,1.21
1661,1.53
1662,1.38
1663,1.43
1664,1.48
1665,1.43
1666,1.27
1667,1.64
1668,1.43
1669,1.49
1670,1.5
1671,1.4
1672,1.69
1673,1.49
1674,1.39
1675,1.28
1676,1.52
1677,1.43
1678,1.38
1679,1.29
1680,1.38
1681,1.54
1682,1.51
1683,1.63
1684,1.59
1685,1.45
1686,1.41
1687,1.51
1688,1.5
1689,1.32
1690,1.31
1691,1.47
1692,1.07
1693,1.55
1694,1.22
1695,1.56
1696,1.18
1697,1.38
1698,1.22
1699,1.15
1700,1.58
1701,1.35
1702,1.59
1703,1.61
1704,1.46
1705,1.32
1706,1.46
1707,1.25
1708,1.19
1709,1.14
1710,1.37
1711,1.51
1712,1.19
1713,1.46
1714,1.4
1715,1.27
1716,1.08
1717,1.1
1718,1.51
1719,1.08
1720,1.15
1721,1.45
1722,1.02
1723,1.3
1724,1.27
1725,1.2
1726,1.68
1727,1.21
1728,1.08
1729,1.27
1730,1.28
1731,1.2
1732,1.57
1733,1.09
1734,1.53
1735,1.53
1736,1.48
1737,1.5
1738,1.46
1739,1.28
1740,1.69
1741,1.13
1742,1.5
1743,1.51
1744,1.61
1745,1.31
1746,1.38
1747,1.16
1748,1.42
1749,1.36
1750,1.46
1751,1.37
1752,1.41
1753,1.39
1754,1.24
1755,1.34
1756,1.46
1757,1.18
1758,1.64
1759,1.13
1760,1.43
1761,1.12
1762,1.38
1763,1.52
1764,1.27
1765,1.47
1766,1.49
1767,1.08
1768,1.11
1769,1.38
1770,1.44
1771,1.31
1772,1.17
1773,1.57
1774,1.49
1775,1.23
1776,1.37
1777,1.51
1778,1.47
1779,1.38
1780,1.18
1781,1.29
1782,1.19
1783,0.86
1784,1.28
1785,1.08
1786,1.7
1787,1.4
1788,1.49
1789,1.6
1790,1.15
1791,1.42
1792,1.18
1793,1.52
1794,1.41
1795,1.39
1796,1.44
1797,1.08
1798,1.09
1799,1.26
1800,1.68
1801,1.36
1802,1.2
1803,1.62
1804,0.97
1805,1.68
1806,1.31
1807,1.45
1808,1.17
1809,1.45
1810,1.25
1811,1.07
1812,1.17
1813,1.36
1814,1.8
1815,1.27
1816,1.55
1817,1.23
1818,1.36
1819,1.0
1820,1.44
1821,1.12
1822,1.11
1823,1.12
1824,1.23
1825,1.28
1826,1.58
1827,0.95
1828,1.51
1829,1.34
1830,1.08
1831,1.22
1832,1.32
1833,1.61
1834,1.71
1835,1.4
1836,1.62
1837,1.18
1838,1.31
1839,1.13
1840,1.51
1841,1.26
1842,1.26
1843,1.38
1844,1.2
1845,1.39
1846,1.14
1847,1.11
1848,1.01
1849,1.41
1850,1.58
1851,1.14
1852,1.43
1853,1.33
1854,1.11
1855,1.22
1856,1.4
1857,1.22
1858,1.17
1859,1.12
1860,1.16
1861,1.15
1862,1.19
1863,1.57
1864,1.57
1865,1.79
1866,1.26
1867,1.26
1868,1.43
1869,1.08
1870,1.0
1871,1.17
1872,1.22
1873,1.23
1874,1.7
1875,1.53
1876,1.3
1877,1.23
1878,1.66
1879,1.46
1880,1.2
1881,1.14
1882,1.36
1883,1.18
1884,1.27
1885,1.08
1886,1.56
1887,1.23
1888,1.48
1889,1.53
1890,1.42
1891,1.31
1892,1.49
1893,1.19
1894,1.55
1895,1.2
1896,1.12
1897,1.69
1898,1.27
1899,1.44
1900,1.14
1901,1.39
1902,1.19
1903,1.66
1904,1.24
1905,1.19
1906,1.21
1907,1.39
1908,1.57
1909,1.34
1910,1.38
1911,1.46
1912,1.25
1913,1.56
1914,1.37
1915,1.31
1916,1.14
1917,1.46
1918,1.17
1919,1.52
1920,1.33
1921,1.49
1922,1.43
1923,1.01
1924,1.44
1925,1.61
1926,1.46
1927,1.42
1928,1.68
1929,1.59
1930,1.27
1931,1.16
1932,1.38
1933,1.27
1934,1.12
1935,1.55
1936,1.6
1937,1.47
1938,1.53
1939,1.16
1940,1.39
1941,1.44
1942,1.7
1943,1.46
1944,1.49
1945,1.24
1946,1.16
1947,1.25
1948,1.57
1949,1.27
1950,1.56
1951,1.56
1952,1.53
1953,1.4
1954,1.4
1955,1.29
1956,1.54
1957,1.31
1958,1.21
1959,1.32
1960,1.16
1961,1.52
1962,1.47
1963,1.32
1964,1.41
1965,1.57
1966,1.36
1967,1.48
1968,1.56
1969,1.36
1970,1.56
1971,1.3
1972,1.55
1973,1.43
1974,1.22
1975,1.42
1976,1.36
1977,1.44
1978,1.6
1979,1.37
1980,1.28
1981,1.32
1982,1.6
1983,1.07
1984,1.13
1985,1.36
1986,1.37
1987,1.21
1988,1.2
1989,1.37
1990,1.57
1991,1.27
1992,1.47
1993,1.22
1994,1.45
1995,1.12
1996,1.39
1997,1.45
1998,1.45
1999,1.2
2000,1.11
2001,1.27
2002,1.58
2003,1.21
2004,1.49
2005,1.66
2006,1.31
2007,1.41
2008,1.64
2009,1.13
2010,1.15
2011,1.09
2012,1.23
2013,1.09
2014,1.08
2015,1.33
2016,1.47
2017,1.57
2018,0.95
2019,1.33
2020,1.59
2021,1.29
2022,1.51
2023,1.74
2024,1.12
2025,1.49
2026,1.34
2027,1.36
2028,1.47
2029,1.19
2030,1.46
2031,1.12
2032,1.5
2033,1.0
2034,1.49
2035,1.69
2036,1.59
2037,1.5
2038,1.26
2039,1.42
2040,1.48
2041,1.06
2042,1.69
2043,1.4
2044,1.71
2045,1.18
2046,1.52
2047,1.66
2048,1.25
2049,1.37
2050,1.18
2051,1.22
2052,1.45
2053,1.31
2054,1.15
2055,1.48
2056,1.43
2057,1.41
2058,1.22
2059,1.37
2060,1.39
2061,1.27
2062,1.6
2063,1.07
2064,1.17
2065,1.68
2066,1.04
2067,1.43
2068,1.37
2069,1.41
2070,1.36
2071,1.31
2072,1.18
2073,1.19
2074,1.31
2075,1.32
2076,1.38
2077,1.28
2078,1.43
2079,1.32
2080,1.5
2081,1.42
2082,1.53
2083,1.51
2084,1.43
2085,1.52
2086,1.58
2087,1.1
2088,1.56
2089,1.33
2090,1.39
2091,1.57
2092,1.26
2093,1.42
2094,1.61
2095,1.43
2096,1.24
2097,1.06
2098,1.25
2099,1.22
2100,1.64
2101,1.02
2102,1.46
2103,1.49
2104,1.64
2105,0.96
2106,1.63
2107,1.59
2108,1.09
2109,1.72
2110,1.42
2111,1.41
2112,1.41
2113,1.15
2114,1.63
2115,1.27
2116,1.59
2117,1.26
2118,1.56
2119,1.42
2120,1.39
2121,1.39
2122,1.12
2123,1.04
2124,1.52
2125,1.13
2126,1.36
2127,1.16
2128,1.13
2129,1.58
2130,1.67
2131,1.29
2132,1.13
2133,1.11
2134,1.43
2135,1.01
2136,1.17
2137,1.35
2138,1.52
2139,1.28
2140,1.07
2141,1.7
2142,1.15
2143,1.16
2144,1.39
2145,1.5
2146,1.1
2147,1.19
2148,1.18
2149,1.27
2150,1.35
2151,1.61
2152,1.39
2153,1.5
2154,1.45
2155,1.59
2156,1.46
2157,1.38
2158,1.33
2159,1.36
2160,1.21
2161,1.33
2162,1.29
2163,1.3
2164,1.21
2165,1.54
2166,1.38
2167,1.22
2168,1.25
2169,1.56
2170,1.47
2171,1.47
2172,1.55
2173,1.09
2174,1.1
2175,1.41
2176,1.4
2177,1.4
2178,1.31
2179,1.55
2180,1.29
2181,1.55
2182,1.43
2183,1.37
2184,1.56
2185,1.45
2186,1.23
2187,1.28
2188,0.8
2189,1.59
2190,1.59
2191,1.07
2192,1.41
2193,1.1
2194,1.5
2195,1.18
2196,1.43
2197,1.35
2198,1.21
2199,1.09
2200,1.11
2201,1.37
2202,1.49
2203,1.03
2204,1.07
2205,1.36
2206,1.3
2207,1.46
2208,1.23
2209,1.55
2210,1.25
2211,1.38
2212,1.63
2213,1.5
2214,1.27
2215,1.38
2216,1.11
2217,1.21
2218,1.58
2219,1.28
2220,1.07
2221,0.97
2222,1.6
2223,1.08
2224,1.58
2225,1.09
2226,1.46
2227,0.99
2228,1.28
2229,1.17
2230,1.29
2231,1.12
2232,1.16
2233,1.43
2234,1.39
2235,1.14
2236,1.15
2237,1.37
2238,1.18
2239,1.26
2240,1.32
2241,1.57
2242,1.4
2243,1.33
2244,1.52
2245,1.47
2246,1.58
2247,1.39
2248,1.37
2249,1.54
2250,1.49
2251,1.39
2252,1.78
2253,1.33
2254,1.07
2255,1.67
2256,1.37
2257,1.44
2258,1.24
2259,1.28
2260,1.54
2261,1.66
2262,1.15
2263,1.22
2264,1.32
2265,1.09
2266,1.37
2267,1.57
2268,1.28
2269,1.49
2270,1.51
2271,1.22
2272,1.33
2273,1.55
2274,1.24
2275,1.23
2276,1.17
2277,1.44
2278,1.34
2279,1.51
2280,1.56
2281,1.42
2282,1.23
2283,1.14
2284,1.03
2285,1.24
2286,1.39
2287,1.05
2288,1.18
2289,1.2
2290,1.26
2291,1.29
2292,1.33
2293,1.28
2294,1.55
2295,1.2
2296,1.14
2297,1.33
2298,1.34
2299,1.33
2300,1.14
2301,1.1
2302,1.22
2303,1.32
2304,1.48
2305,1.45
2306,1.44
2307,1.22
2308,1.37
2309,1.08
2310,1.52
2311,1.11
2312,1.36
2313,1.35
2314,1.35
2315,1.26
2316,1.59
2317,1.43
2318,1.58
2319,1.59
2320,1.45
2321,1.4
2322,1.58
2323,1.16
2324,1.38
2325,1.19
2326,1.82
2327,1.42
2328,1.6
2329,1.6
2330,1.49
2331,1.38
2332,1.1
2333,1.01
2334,1.24
2335,1.35
2336,1.39
2337,1.62
2338,1.53
2339,1.09
2340,1.48
2341,1.27
2342,1.5
2343,1.52
2344,1.51
2345,1.26
2346,1.26
2347,1.53
2348,1.36
2349,1.38
2350,1.3
2351,1.49
2352,1.28
2353,1.73
2354,1.23
2355,1.1
2356,1.46
2357,1.66
2358,1.38
2359,1.56
2360,1.34
2361,1.66
2362,1.28
2363,1.26
2364,1.69
2365,1.52
2366,1.29
2367,1.55
2368,1.6
2369,1.08
2370,1.43
2371,1.58
2372,1.25
2373,1.37
2374,1.15
2375,0.95
2376,1.17
2377,1.31
2378,1.26
2379,1.56
2380,1.45
2381,1.14
2382,1.34
2383,1.25
2384,1.52
2385,1.31
2386,1.13
2387,1.1
2388,1.51
2389,1.35
2390,1.12
2391,1.32
2392,1.74
2393,1.26
2394,1.11
2395,1.67
2396,1.56
2397,1.33
2398,1.15
2399,1.21
2400,1.13
2401,1.61
2402,1.51
2403,1.19
2404,1.55
2405,1.84
2406,1.08
2407,1.11
2408,1.34
2409,1.08
2410,1.37
2411,1.09
2412,1.17
2413,1.46
2414,1.43
2415,1.76
2416,1.04
2417,1.18
2418,1.8
2419,1.5
2420,1.28
2421,1.63
2422,1.18
2423,1.48
2424,1.32
2425,1.11
2426,1.42
2427,1.61
2428,1.43
2429,1.46
2430,1.43
2431,1.55
2432,1.65
2433,1.34
2434,1.0
2435,1.14
2436,1.41
2437,1.12
2438,1.14
2439,1.54
2440,1.25
2441,1.41
2442,1.26
2443,1.4
2444,1.27
2445,1.14
2446,1.3
2447,1.3
2448,1.41
2449,1.14
2450,1.48
2451,1.39
2452,1.27
2453,1.67
2454,1.54
2455,1.23
2456,1.63
2457,1.58
2458,1.43
2459,1.2
2460,1.41
2461,1.33
2462,1.46
2463,1.37
2464,1.34
2465,1.21
2466,1.57
2467,1.29
2468,1.58
2469,1.47
2470,1.73
2471,1.1
2472,1.18
2473,1.2
2474,1.36
2475,1.55
2476,1.22
2477,1.5
2478,1.5
2479,1.06
2480,1.39
2481,1.22
2482,1.35
2483,1.31
2484,1.15
2485,1.54
2486,1.36
2487,1.36
2488,1.73
2489,1.64
2490,1.44
2491,1.69
2492,1.25
2493,1.28
2494,1.54
2495,1.67
2496,1.44
2497,1.19
2498,1.21
2499,1.38
2500,1.39
2501,1.48
2502,1.15
2503,1.5
2504,1.31
2505,1.5
2506,1.09
2507,1.47
2508,1.54
2509,1.5
2510,1.38
2511,1.46
2512,1.46
2513,0.91
2514,1.16
2515,1.13
2516,1.44
2517,1.27
2518,1.57
2519,1.24
2520,1.45
2521,1.34
2522,1.54
2523,1.5
2524,1.06
2525,1.57
2526,1.18
2527,1.18
2528,1.13
2529,1.41
2530,1.56
2531,1.48
2532,1.09
2533,1.27
2534,1.56
2535,1.31
2536,1.6
2537,1.1
2538,1.26
2539,1.14
2540,1.2
2541,1.45
2542,1.33
2543,1.6
2544,1.56
2545,1.29
2546,1.55
2547,1.25
2548,1.31
2549,1.49
2550,1.32
2551,1.34
2552,1.27
2553,1.53
2554,1.41
2555,1.57
2556,1.04
2557,1.1
2558,1.51
2559,1.51
2560,1.52
2561,1.56
2562,1.35
2563,1.52
2564,1.12
2565,1.11
2566,1.24
2567,1.55
2568,1.51
2569,1.73
2570,1.45
2571,1.39
2572,1.17
2573,1.5
2574,1.29
2575,1.4
2576,1.58
2577,1.06
2578,1.58
2579,1.49
2580,1.16
2581,1.71
2582,1.47
2583,1.55
2584,1.13
2585,1.11
2586,1.31
2587,1.45
2588,1.43
2589,1.08
2590,1.47
2591,1.6
2592,1.46
2593,1.39
2594,1.26
2595,1.39
2596,1.44
2597,1.65
2598,1.09
2599,1.06
2600,1.47
2601,1.2
2602,1.54
2603,1.15
2604,1.36
2605,1.57
2606,1.1
2607,1.39
2608,1.46
2609,1.52
2610,1.11
2611,1.12
2612,1.42
2613,1.27
2614,1.11
2615,1.24
2616,1.24
2617,1.1
2618,1.74
2619,1.79
2620,1.57
2621,1.44
2622,1.08
2623,1.25
2624,1.48
2625,1.57
2626,1.11
2627,1.36
2628,1.45
2629,1.49
2630,1.11
2631,1.5
2632,1.05
2633,1.32
2634,1.47
2635,1.19
2636,1.65
2637,1.41
2638,1.33
2639,1.21
2640,1.41
2641,1.47
2642,1.6
2643,1.24
2644,1.35
2645,1.06
2646,1.49
2647,1.39
2648,1.23
2649,1.29
2650,1.61
2651,1.3
2652,1.42
2653,1.6
2654,1.15
2655,1.02
2656,1.5
2657,1.69
2658,1.29
2659,1.45
2660,1.63
2661,1.19
2662,1.28
2663,1.45
2664,1.58
2665,1.2
2666,1.46
2667,1.16
2668,1.15
2669,1.41
2670,1.53
2671,1.41
2672,1.19
2673,1.45
2674,1.31
2675,1.5
2676,1.59
2677,1.53
2678,1.18
2679,1.47
2680,1.49
2681,1.24
2682,1.1
2683,1.44
2684,1.27
2685,1.53
2686,1.09
2687,1.35
2688,1.34
2689,1.19
2690,1.18
2691,1.49
2692,1.43
2693,1.61
2694,1.17
2695,1.41
2696,1.44
2697,1.57
2698,1.41
2699,1.38
2700,1.26
2701,1.2
2702,1.67
2703,1.15
2704,1.42
2705,1.33
2706,1.37
2707,1.2
2708,1.35
2709,1.38
2710,1.53
2711,1.39
2712,1.52
2713,1.36
2714,1.37
2715,1.43
2716,1.21
2717,1.2
2718,1.46
2719,1.49
2720,1.37
2721,1.18
2722,1.27
2723,1.17
2724,1.21
2725,1.2
2726,1.43
2727,1.26
2728,1.11
2729,1.18
2730,1.28
2731,1.43
2732,1.23
2733,1.56
2734,1.27
2735,1.55
2736,1.51
2737,1.54
2738,1.49
2739,1.62
2740,1.01
2741,1.18
2742,1.39
2743,1.46
2744,1.45
2745,1.51
2746,1.59
2747,1.59
2748,1.2
2749,1.14
2750,1.4
2751,1.35
2752,1.33
2753,1.65
2754,1.04
2755,1.6
2756,1.36
2757,1.16
2758,1.15
2759,1.57
2760,1.63
2761,1.57
2762,1.6
2763,1.38
2764,1.52
2765,1.73
2766,1.04
2767,1.25
2768,1.31
2769,1.53
2770,1.44
2771,1.23
2772,1.18
2773,1.19
2774,1.25
2775,1.48
2776,1.15
2777,1.4
2778,1.68
2779,1.36
2780,1.31
2781,1.44
2782,1.59
2783,1.34
2784,1.49
2785,1.48
2786,1.26
2787,1.35
2788,1.17
2789,1.34
2790,1.46
2791,1.18
2792,1.27
2793,1.29
2794,1.48
2795,1.5
2796,1.36
2797,1.54
2798,1.11
2799,1.38
2800,1.08
2801,1.17
2802,1.42
2803,1.57
2804,1.06
2805,1.23
2806,1.66
2807,1.25
2808,1.51
2809,1.22
2810,1.12
2811,1.06
2812,1.5
2813,1.52
2814,1.54
2815,1.14
2816,1.38
2817,1.16
2818,1.15
2819,1.4
2820,1.17
2821,1.23
2822,1.48
2823,1.46
2824,1.24
2825,1.22
2826,1.5
2827,1.15
2828,1.63
2829,1.66
2830,1.34
2831,1.36
2832,1.29
2833,1.6
2834,1.28
2835,1.42
2836,1.55
2837,1.37
2838,1.22
2839,1.4
2840,1.27
2841,1.27
2842,1.34
2843,1.18
2844,1.05
2845,1.49
2846,1.57
2847,1.17
2848,1.5
2849,1.35
2850,1.18
2851,1.19
2852,1.25
2853,1.55
2854,1.35
2855,1.52
2856,1.31
2857,1.07
2858,1.15
2859,1.51
2860,1.39
2861,1.0
2862,1.27
2863,1.12
2864,1.5
2865,1.41
2866,1.19
2867,1.38
2868,1.13
2869,1.62
2870,1.4
2871,1.35
2872,1.05
2873,1.28
2874,1.2
2875,1.21
2876,1.42
2877,1.55
2878,1.44
2879,1.56
2880,1.03
2881,1.52
2882,1.02
2883,1.11
2884,1.11
2885,1.31
2886,1.48
2887,1.11
2888,1.08
2889,1.16
2890,1.57
2891,1.56
2892,1.14
2893,1.07
2894,1.25
2895,0.84
2896,1.45
2897,1.01
2898,1.42
2899,1.1
2900,1.36
2901,1.57
2902,1.19
2903,1.54
2904,1.66
2905,1.1
2906,1.04
2907,1.33
2908,1.48
2909,1.5
2910,1.2
2911,1.13
2912,1.45
2913,1.29
2914,1.48
2915,1.37
2916,1.36
2917,1.52
2918,1.57
2919,1.28
2920,1.32
2921,1.9
2922,1.32
2923,1.51
2924,1.44
2925,1.08
2926,1.47
2927,1.25
2928,1.19
2929,1.02
2930,1.46
2931,1.44
2932,1.58
2933,1.43
2934,1.55
2935,1.13
2936,1.37
2937,1.41
2938,1.52
2939,1.18
2940,1.19
2941,1.14
2942,1.52
2943,1.17
2944,1.16
2945,1.45
2946,1.16
2947,1.23
2948,1.52
2949,1.44
2950,1.44
2951,1.22
2952,1.74
2953,1.11
2954,1.17
2955,1.03
2956,1.49
2957,1.3
2958,1.25
2959,1.67
2960,1.38
2961,1.57
2962,1.23
2963,1.22
2964,1.28
2965,1.47
2966,1.12
2967,1.53
2968,1.5
2969,1.55
2970,1.4
2971,1.39
2972,1.2
2973,1.2
2974,1.11
2975,1.65
2976,1.09
2977,1.48
2978,1.56
2979,1.44
2980,1.41
2981,1.28
2982,1.4
2983,1.18
2984,1.4
2985,1.12
2986,1.53
2987,1.54
2988,1.57
2989,1.64
2990,1.48
2991,1.47
2992,1.11
2993,1.47
2994,1.09
2995,1.53
2996,1.52
2997,1.6
2998,1.15
2999,1.82
3000,1.37
3001,1.63
3002,1.44
3003,1.11
3004,1.1
3005,1.5
3006,1.29
3007,1.16
3008,1.29
3009,1.42
3010,1.12
3011,1.15
3012,1.38
3013,1.57
3014,1.27
3015,1.11
3016,1.48
3017,1.45
3018,1.25
3019,1.67
3020,1.37
3021,1.4
3022,1.31
3023,1.04
3024,1.6
3025,1.09
3026,1.23
3027,1.17
3028,1.15
3029,1.09
3030,1.24
3031,1.55
3032,1.49
3033,1.51
3034,1.49
3035,1.4
3036,1.16
3037,1.5
3038,1.18
3039,1.19
3040,1.54
3041,1.06
3042,1.49
3043,1.29
3044,1.15
3045,1.56
3046,1.12
3047,1.46
3048,1.4
3049,1.41
3050,1.49
3051,1.4
3052,1.04
3053,1.41
3054,1.31
3055,1.08
3056,1.43
3057,1.29
3058,1.27
3059,1.59
3060,1.09
3061,1.2
3062,1.64
3063,1.43
3064,1.36
3065,1.42
3066,1.44
3067,1.2
3068,1.42
3069,1.53
3070,1.65
3071,1.17
3072,1.5
3073,1.58
3074,1.21
3075,1.51
3076,1.36
3077,1.63
3078,1.11
3079,1.45
3080,1.52
3081,1.53
3082,1.41
3083,1.17
3084,1.06
3085,1.57
3086,1.26
3087,1.15
3088,1.38
3089,1.62
3090,1.12
3091,1.57
3092,1.51
3093,1.8
3094,1.11
3095,1.37
3096,1.42
3097,1.15
3098,1.14
3099,1.63
3100,1.59
3101,1.37
3102,1.51
3103,1.1
3104,1.3
3105,1.28
3106,1.17
3107,1.62
3108,1.53
3109,1.34
3110,1.4
3111,1.28
3112,1.53
3113,1.07
3114,1.36
3115,1.69
3116,1.32
3117,1.49
3118,1.48
3119,1.48
3120,1.02
3121,1.43
3122,1.4
3123,1.19
3124,1.46
3125,1.12
3126,1.26
3127,1.52
3128,1.15
3129,1.31
3130,1.21
3131,1.3
3132,1.41
3133,1.42
3134,1.42
3135,1.5
3136,1.12
3137,1.08
3138,1.18
3139,1.45
3140,1.15
3141,1.42
3142,1.36
3143,1.4
3144,1.25
3145,1.52
3146,1.05
3147,1.42
3148,1.03
3149,1.07
3150,1.39
3151,1.21
3152,1.07
3153,1.45
3154,1.1
3155,1.66
3156,1.09
3157,1.41
3158,1.16
3159,1.58
3160,1.46
3161,1.49
3162,1.13
3163,1.42
3164,1.03
3165,1.52
3166,1.23
3167,1.15
3168,1.7
3169,1.61
3170,1.51
3171,1.7
3172,1.3
3173,1.49
3174,0.89
3175,1.25
3176,1.44
3177,1.53
3178,1.08
3179,1.5
3180,1.21
3181,1.6
3182,1.01
3183,0.98
3184,1.22
3185,1.34
3186,1.49
3187,1.49
3188,1.33
3189,1.62
3190,1.54
3191,1.18
3192,1.41
3193,1.54
3194,1.52
3195,1.35
3196,1.45
3197,1.44
3198,1.28
3199,1.25
3200,1.48
3201,1.32
3202,1.14
3203,1.44
3204,1.12
3205,1.14
3206,1.15
3207,1.21
3208,1.12
3209,1.2
3210,1.26
3211,1.42
3212,1.61
3213,1.17
3214,1.56
3215,1.03
3216,1.17
3217,1.12
3218,1.54
3219,1.58
3220,1.07
3221,1.56
3222,1.46
3223,1.7
3224,1.58
3225,1.45
3226,1.39
3227,1.46
3228,1.17
3229,1.34
3230,1.21
3231,1.39
3232,1.39
3233,1.44
3234,1.47
3235,1.43
3236,1.13
3237,1.36
3238,1.41
3239,1.1
3240,1.65
3241,1.53
3242,1.22
3243,1.36
3244,1.6
3245,1.29
3246,1.48
3247,1.16
3248,1.15
3249,1.41
3250,0.95
3251,1.52
3252,1.29
3253,1.64
3254,1.32
3255,1.42
3256,1.48
3257,1.52
3258,1.35
3259,1.22
3260,1.56
3261,1.43
3262,1.32
3263,1.44
3264,1.18
3265,1.07
3266,1.46
3267,1.71
3268,1.69
3269,1.46
3270,1.33
3271,1.57
3272,1.4
3273,1.04
3274,1.46
3275,1.4
3276,1.54
3277,1.28
3278,1.53
3279,1.7
3280,1.25
3281,1.49
3282,1.28
3283,1.41
3284,1.32
3285,1.35
3286,1.15
3287,1.54
3288,1.5
3289,1.58
3290,1.22
3291,1.6
3292,1.25
3293,1.43
3294,1.28
3295,1.03
3296,1.1
3297,1.39
3298,1.09
3299,1.55
3300,1.54
3301,1.46
3302,1.07
3303,1.67
3304,1.52
3305,1.08
3306,1.23
3307,1.17
3308,1.6
3309,1.23
3310,1.19
3311,1.06
3312,1.55
3313,1.14
3314,1.23
3315,1.15
3316,1.4
3317,1.11
3318,1.5
3319,1.41
3320,1.3
3321,1.45
3322,1.4
3323,1.11
3324,1.44
3325,1.56
3326,1.2
3327,1.3
3328,1.2
3329,1.33
3330,1.27
3331,1.13
3332,1.28
3333,1.25
3334,1.28
3335,1.41
3336,1.57
3337,1.22
3338,1.26
3339,1.55
3340,1.4
3341,1.32
3342,1.43
3343,1.48
3344,1.36
3345,1.45
3346,1.26
3347,1.59
3348,1.3
3349,1.63
3350,1.47
3351,1.48
3352,1.1
3353,1.67
3354,1.49
3355,1.38
3356,1.43
3357,1.29
3358,1.5
3359,1.19
3360,1.17
3361,1.5
3362,1.11
3363,1.48
3364,1.41
3365,1.61
3366,1.68
3367,1.48
3368,1.51
3369,1.34
3370,1.2
3371,1.36
3372,1.23
3373,1.04
3374,1.36
3375,1.52
3376,1.07
3377,1.66
3378,1.41
3379,1.5
3380,1.43
3381,1.51
3382,1.38
3383,1.09
3384,1.58
3385,1.12
3386,1.3
3387,1.23
3388,1.42
3389,1.28
3390,1.25
3391,1.58
3392,1.1
3393,1.25
3394,1.24
3395,1.42
3396,1.44
3397,1.23
3398,1.45
3399,1.18
3400,1.01
3401,1.26
3402,1.57
3403,1.57
3404,1.26
3405,1.39
3406,1.4
3407,1.68
3408,1.4
3409,1.24
3410,1.23
3411,1.32
3412,1.59
3413,1.1
3414,1.69
3415,1.17
3416,1.41
3417,1.47
3418,1.56
3419,1.58
3420,1.53
3421,1.37
3422,1.41
3423,1.24
3424,1.23
3425,1.15
3426,1.18
3427,1.65
3428,1.24
3429,1.58
3430,1.07
3431,1.13
3432,1.46
3433,1.35
3434,1.5
3435,1.42
3436,1.58
3437,1.4
3438,1.17
3439,1.32
3440,1.53
3441,1.55
3442,1.53
3443,1.58
3444,1.4
3445,1.33
3446,1.55
3447,1.15
3448,1.38
3449,1.09
3450,1.41
3451,1.11
3452,1.19
3453,1.16
3454,1.56
3455,1.1
3456,1.23
3457,1.16
3458,1.52
3459,1.27
3460,1.17
3461,1.49
3462,1.36
3463,1.07
3464,1.18
3465,1.5
3466,1.08
3467,1.07
3468,1.2
3469,1.59
3470,1.5
3471,1.22
3472,1.63
3473,1.52
3474,1.47
3475,1.25
3476,1.22
3477,1.11
3478,1.35
3479,1.6
3480,1.5
3481,1.53
3482,1.54
3483,1.55
3484,1.21
3485,1.44
3486,1.18
3487,1.22
3488,1.44
3489,1.24
3490,1.41
3491,1.64
3492,1.11
3493,1.42
3494,1.59
3495,1.11
3496,1.61
3497,1.16
3498,1.73
3499,1.25
3500,1.26
3501,1.41
3502,1.53
3503,1.33
3504,1.25
3505,1.51
3506,1.09
3507,1.54
3508,1.24
3509,1.26
3510,1.51
3511,1.2
3512,1.82
3513,1.56
3514,1.08
3515,1.26
3516,1.28
3517,1.13
3518,1.49
3519,1.45
3520,1.25
3521,1.27
3522,1.57
3523,1.49
3524,1.45
3525,1.55
3526,1.31
3527,1.22
3528,1.31
3529,1.1
3530,1.36
3531,1.1
3532,1.46
3533,1.17
3534,1.08
3535,1.54
3536,1.37
3537,1.03
3538,1.38
3539,1.56
3540,1.35
3541,1.42
3542,1.35
3543,1.4
3544,1.24
3545,1.13
3546,1.07
3547,1.6
3548,1.47
3549,1.57
3550,1.34
3551,1.26
3552,1.49
3553,1.31
3554,1.35
3555,1.38
3556,1.36
3557,1.53
3558,1.57
3559,1.52
3560,1.43
3561,1.41
3562,1.75
3563,1.22
3564,1.6
3565,1.32
3566,1.26
3567,1.54
3568,1.49
3569,1.44
3570,1.54
3571,1.2
3572,1.22
3573,1.49
3574,1.5
3575,1.68
3576,1.32
3577,1.46
3578,1.6
3579,1.19
3580,1.26
3581,1.27
3582,1.13
3583,1.59
3584,1.4
3585,1.45
3586,1.35
3587,1.36
3588,1.26
3589,1.55
3590,1.44
3591,1.28
3592,1.55
3593,1.28
3594,1.55
3595,1.07
3596,1.55
3597,1.48
3598,1.38
3599,1.54
3600,1.48
3601,1.54
3602,1.09
3603,1.45
3604,1.21
3605,1.15
3606,1.16
3607,1.43
3608,1.49
3609,1.18
3610,1.11
3611,1.2
3612,1.44
3613,1.0
3614,1.32
3615,1.35
3616,1.14
3617,1.23
3618,1.14
3619,1.67
3620,1.13
3621,1.1
3622,1.36
3623,1.39
3624,1.16
3625,1.4
3626,1.42
3627,0.95
3628,1.3
3629,1.35
3630,1.3
3631,1.45
3632,1.23
3633,1.18
3634,1.28
3635,1.04
3636,1.54
3637,1.44
3638,1.14
3639,1.26
3640,1.38
3641,1.39
3642,1.57
3643,1.58
3644,1.47
3645,1.32
3646,1.28
3647,1.2
3648,1.36
3649,1.53
3650,1.16
3651,1.31
3652,1.66
3653,1.32
3654,1.58
3655,1.42
3656,1.23
3657,1.2
3658,1.69
3659,1.09
3660,1.3
3661,1.42
3662,1.11
3663,1.14
3664,1.32
3665,1.41
3666,1.45
3667,1.14
3668,1.15
3669,1.24
3670,1.62
3671,1.2
3672,1.39
3673,1.38
3674,1.65
3675,1.49
3676,1.25
3677,1.42
3678,1.51
3679,1.38
3680,1.38
3681,1.32
3682,1.29
3683,1.41
3684,1.46
3685,1.3
3686,1.58
3687,1.23
3688,1.24
3689,1.45
3690,1.13
3691,1.54
3692,1.47
3693,1.4
3694,1.37
3695,1.21
3696,1.37
3697,1.29
3698,1.48
3699,1.67
3700,1.26
3701,1.5
3702,1.17
3703,1.14
3704,1.5
3705,1.12
3706,1.4
3707,1.28
3708,1.37
3709,1.27
3710,1.49
3711,1.52
3712,1.55
3713,1.35
3714,1.66
3715,1.55
3716,1.25
3717,1.48
3718,1.15
3719,1.38
3720,1.58
3721,0.95
3722,1.18
3723,1.15
3724,1.53
3725,1.16
3726,1.36
3727,1.19
3728,1.43
3729,1.38
3730,1.4
3731,1.39
3732,1.13
3733,1.57
3734,1.43
3735,1.32
3736,1.0
3737,1.43
3738,1.3
3739,1.25
3740,1.51
3741,1.37
3742,1.31
3743,1.52
3744,1.63
3745,1.48
3746,1.65
3747,1.51
3748,1.12
3749,1.2
3750,1.58
3751,1.06
3752,1.59
3753,1.24
3754,1.29
3755,1.66
3756,1.6
3757,1.27
3758,1.06
3759,1.34
3760,1.33
3761,1.48
3762,1.46
3763,1.5
3764,1.5
3765,1.42
3766,1.38
3767,1.42
3768,1.17
3769,1.39
3770,1.38
3771,1.11
3772,1.41
3773,1.6
3774,1.54
3775,1.6
3776,1.44
3777,1.65
3778,1.37
3779,1.25
3780,1.13
3781,1.25
3782,1.19
3783,1.11
3784,1.51
3785,1.16
3786,1.58
3787,1.26
3788,1.12
3789,1.47
3790,1.42
3791,1.5
3792,1.6
3793,1.17
3794,1.47
3795,1.31
3796,1.19
3797,1.03
3798,1.1
3799,1.1
3800,1.4
3801,1.22
3802,1.53
3803,1.58
3804,1.08
3805,1.44
3806,1.21
3807,1.54
3808,1.29
3809,1.52
3810,1.39
3811,1.24
3812,1.37
3813,1.11
3814,1.16
3815,1.1
3816,1.11
3817,1.45
3818,1.45
3819,1.16
3820,1.33
3821,1.42
3822,1.17
3823,1.17
3824,1.15
3825,1.22
3826,1.5
3827,1.28
3828,1.47
3829,1.62
3830,1.31
3831,1.46
3832,1.47
3833,1.45
3834,1.49
3835,1.42
3836,1.59
3837,1.49
3838,1.21
3839,1.2
3840,1.29
3841,1.3
3842,1.61
3843,1.05
3844,1.56
3845,1.48
3846,1.55
3847,1.21
3848,1.24
3849,1.43
3850,1.52
3851,1.29
3852,1.48
3853,1.33
3854,1.42
3855,1.25
3856,1.52
3857,1.48
3858,1.48
3859,1.17
3860,1.63
3861,1.54
3862,1.54
3863,1.69
3864,1.31
3865,1.43
3866,1.5
3867,1.47
3868,1.42
3869,1.68
3870,1.47
3871,1.27
3872,1.23
3873,1.42
3874,1.27
3875,1.17
3876,1.25
3877,1.38
3878,1.57
3879,1.4
3880,1.07
3881,1.17
3882,1.38
3883,1.16
3884,1.39
3885,1.67
3886,1.68
3887,1.33
3888,1.57
3889,1.13
3890,1.3
3891,1.08
3892,1.43
3893,1.3
3894,1.38
3895,1.19
3896,1.31
3897,1.16
3898,1.31
3899,1.44
3900,1.1
3901,1.28
3902,1.34
3903,1.17
3904,1.14
3905,1.09
3906,1.5
3907,1.51
3908,1.42
3909,1.66
3910,1.11
3911,1.51
3912,1.87
3913,1.62
3914,1.5
3915,1.5
3916,1.69
3917,1.61
3918,1.23
3919,1.2
3920,1.29
3921,1.52
3922,1.09
3923,1.41
3924,1.08
3925,1.5
3926,1.54
3927,1.43
3928,1.11
3929,1.38
3930,1.69
3931,1.36
3932,1.26
3933,1.42
3934,1.29
3935,1.36
3936,1.73
3937,1.25
3938,1.2
3939,1.38
3940,1.24
3941,1.58
3942,1.46
3943,1.47
3944,1.08
3945,1.28
3946,1.6
3947,1.34
3948,1.36
3949,1.14
3950,1.46
3951,1.12
3952,1.38
3953,1.41
3954,1.32
3955,1.26
3956,1.68
3957,1.34
3958,1.41
3959,1.46
3960,1.32
3961,1.21
3962,1.43
3963,1.49
3964,1.16
3965,1.54
3966,1.3
3967,1.38
3968,1.19
3969,1.48
3970,1.39
3971,1.15
3972,1.28
3973,1.73
3974,1.69
3975,1.11
3976,1.05
3977,1.37
3978,1.59
3979,1.42
3980,1.11
3981,1.32
3982,1.28
3983,1.21
3984,1.22
3985,1.41
3986,1.28
3987,1.41
3988,1.48
3989,1.58
3990,1.48
3991,1.14
3992,1.55
3993,1.16
3994,1.43
3995,1.5
3996,1.44
3997,1.43
3998,1.28
3999,1.69
4000,1.1
4001,1.34
4002,1.68
4003,1.39
4004,1.4
4005,1.5
4006,1.23
4007,1.2
4008,1.42
4009,1.06
4010,1.28
4011,1.16
4012,1.49
4013,1.08
4014,1.48
4015,1.67
4016,1.14
4017,1.58
4018,1.12
4019,1.53
4020,1.31
4021,1.16
4022,1.47
4023,1.48
4024,1.54
4025,1.33
4026,1.29
4027,1.63
4028,1.6
4029,1.38
4030,1.38
4031,1.49
4032,1.58
4033,1.19
4034,1.23
4035,1.42
4036,1.46
4037,1.46
4038,1.45
4039,1.55
4040,1.53
4041,1.11
4042,1.29
4043,1.14
4044,1.34
4045,1.21
4046,1.42
4047,1.06
4048,1.39
4049,1.32
4050,1.5
4051,1.08
4052,1.57
4053,1.44
4054,1.43
4055,1.38
4056,1.41
4057,1.5
4058,1.32
4059,1.19
4060,1.49
4061,1.22
4062,1.67
4063,1.23
4064,1.42
4065,1.25
4066,1.42
4067,1.17
4068,1.21
4069,1.34
4070,1.16
4071,1.44
4072,1.45
4073,1.13
4074,1.39
4075,1.49
4076,1.09
4077,1.11
4078,1.4
4079,1.14
4080,1.51
4081,1.54
4082,1.25
4083,1.29
4084,1.39
4085,1.35
4086,1.12
4087,1.6
4088,1.47
4089,1.66
4090,1.13
4091,1.67
4092,1.61
4093,1.32
4094,1.83
4095,1.33
4096,1.29
4097,1.36
4098,1.15
4099,1.58
4100,1.28
4101,1.37
4102,1.46
4103,1.46
4104,1.17
4105,1.24
4106,1.72
4107,1.53
4108,1.59
4109,1.35
4110,1.28
4111,1.15
4112,1.59
4113,1.45
4114,1.56
4115,1.4
4116,1.27
4117,1.29
4118,1.53
4119,1.28
4120,1.28
4121,1.17
4122,1.45
4123,1.64
4124,1.16
4125,1.45
4126,1.76
4127,1.06
4128,1.13
4129,1.03
4130,1.38
4131,1.42
4132,1.15
4133,1.14
4134,1.19
4135,1.52
4136,1.37
4137,1.33
4138,1.1
4139,1.52
4140,1.65
4141,1.53
4142,1.4
4143,1.38
4144,1.66
4145,1.63
4146,1.36
4147,1.25
4148,1.18
4149,1.47
4150,1.6
4151,1.57
4152,1.15
4153,1.1
4154,1.49
4155,1.63
4156,1.4
4157,1.36
4158,1.42
4159,1.37
4160,1.03
4161,1.21
4162,1.32
4163,1.42
4164,1.14
4165,1.44
4166,1.34
4167,1.23
4168,1.35
4169,1.29
4170,1.41
4171,1.49
4172,1.16
4173,1.49
4174,1.29
4175,1.51
4176,1.51
4177,1.08
4178,1.13
4179,1.49
4180,1.05
4181,1.65
4182,1.3
4183,1.43
4184,1.45
4185,1.39
4186,1.7
4187,1.28
4188,1.37
4189,1.34
4190,1.43
4191,1.3
4192,1.3
4193,1.28
4194,1.52
4195,1.27
4196,1.38
4197,1.21
4198,1.38
4199,1.46
4200,1.17
4201,1.19
4202,1.43
4203,1.4
4204,1.71
4205,1.64
4206,1.29
4207,1.43
4208,1.21
4209,1.33
4210,1.47
4211,1.62
4212,1.33
4213,1.49
4214,1.54
4215,1.42
4216,1.16
4217,1.4
4218,1.5
4219,1.07
4220,1.09
4221,1.5
4222,1.07
4223,1.17
4224,1.37
4225,1.13
4226,1.27
4227,1.54
4228,1.47
4229,1.5
4230,1.51
4231,1.11
4232,1.32
4233,1.42
4234,1.4
4235,1.59
4236,1.17
4237,1.24
4238,1.39
4239,1.19
4240,1.17
4241,1.37
4242,1.6
4243,1.18
4244,1.11
4245,1.39
4246,1.47
4247,1.02
4248,1.45
4249,1.11
4250,1.59
4251,1.44
4252,1.54
4253,1.18
4254,1.51
4255,1.77
4256,1.41
4257,1.19
4258,1.38
4259,1.44
4260,1.52
4261,1.45
4262,1.22
4263,1.31
4264,1.6
4265,1.2
4266,1.15
4267,1.42
4268,1.45
4269,1.41
4270,1.15
4271,1.15
4272,1.25
4273,1.25
4274,1.61
4275,1.5
4276,1.07
4277,1.33
4278,1.41
4279,1.15
4280,1.44
4281,1.17
4282,1.13
4283,1.35
4284,1.42
4285,1.48
4286,1.23
4287,1.26
4288,1.06
4289,1.61
4290,1.42
4291,1.32
4292,1.32
4293,1.48
4294,1.1
4295,1.06
4296,1.49
4297,1.55
4298,1.38
4299,1.2
4300,1.05
4301,1.44
4302,1.42
4303,1.23
4304,1.54
4305,1.48
4306,1.19
4307,1.47
4308,1.67
4309,0.97
4310,1.3
4311,1.56
4312,1.43
4313,1.42
4314,1.26
4315,1.53
4316,1.42
4317,1.13
4318,1.28
4319,0.97
4320,1.03
4321,1.15
4322,1.54
4323,1.28
4324,1.4
4325,1.51
4326,1.54
4327,1.16
4328,1.23
4329,1.09
4330,1.25
4331,1.53
4332,1.63
4333,1.51
4334,1.39
4335,1.09
4336,1.46
4337,1.27
4338,1.44
4339,1.47
4340,1.15
4341,1.35
4342,1.37
4343,1.31
4344,1.2
4345,1.08
4346,1.17
4347,1.52
4348,1.11
4349,1.49
4350,1.56
4351,1.56
4352,1.76
